{
    "admin": [
        "nuker [R]",
        "nk [name/@]",
        "kick [@]",
        "skick [@]",
        "purge",
        "cleanse",
        "@cleanse",
        "@nuker",
        "gpending",
        "pending list",
        "gaccess",
        "squad list",
        "flist",
        "ginfo",
        "whitelist",
        "say,[text]",
        "run/runtime",
        "uinvite",
        "unsend [Num]",
        "access/staffs",
        "gaccess",
        "gaccess [num]",
        "all gaccess",
        "prot status",
        "staffcon",
        "botcon",
        "bancon",
        "rname [name]",
        "sname [name]",
        "expel [@/C]",
        "repeat expel [C]",
        "add staff [@/C]",
        "del staff [@/R]",
        "staff repeat [C]",
        "bann [@/C]",
        "unbann [@/C]",
        "ban repeat [C]",
        "staff list",
        "ajs list",
        "bot list",
        "blist",
        "cmd list",
        "list [cmd]",
        "respon [num]",
        "response [num] [@]",
        "rescon [@/num]",
        "bye/cok/retreat"
    ],
    "creator": [
        "add owner [@]",
        "del owner [@/R]",
        "date [duedate]",
        "addmonth",
        "addweek",
        "decmonth",
        "decweek",
        "decday",
        "addday",
        "logs"
    ],
    "owner": [
        "bye [on/off]",
        "mute",
        "unmute",
        "duedate",
        "timeleft",
        "gettime",
        "bot:room",
        "global:room",
        "invite bot",
        "bot:qr",
        "squad: [sname]",
        "set flag: [name]",
        "uprname [name]",
        "addcmd [name]",
        "delcmd [name]",
        "done",
        "abort",
        "r,[gnum] [command]",
        "update",
        "reboot",
        "groups",
        "inv [commandinv]",
        "add admin [@/C]",
        "del admin [@/R]",
        "add bot [@/C]",
        "del bot [@/R]",
        "admin repeat [C]",
        "bot repeat [C]",
        "add con [@]",
        "del con [@/R]",
        "add squad [@]",
        "del squad [@/R]",
        "del gaccess [num]",
        "add all bot",
        "add me",
        "clear ban",
        "clear admin",
        "clear bot",
        "clear staff",
        "clear ajs",
        "clear gaccess",
        "leave [R]",
        "bc [text]",
        "leave:all",
        "remove chat",
        "left [GroupName]",
        "owncon [R]",
        "admcon [R]",
        "talk|Gname|text",
        "invme [Gnum]",
        "upimage",
        "upvideo",
        "upname [name]",
        "[stay/normal] mode",
        "war [on/off]",
        "autopurge on",
        "autopurge off",
        "lock [on/off]",
        ".nuker off",
        "shutdown",
        ".nuker mode",
        "owner list",
        "admin list",
        "test",
        "cname",
        "crname",
        "clear temp",
        "friends",
        "add ajs [@/c]",
        "del ajs [@/c]",
        ".add me",
        "tempban"
    ],
    "protect": [
        "protect",
        "blockinvite",
        "linkprotect",
        "namelock",
        "pjoin on/pjoin off",
        "clear protect",
        "protection"
    ],
    "staff": [
        "add gowner [@]",
        "del gowner [@]",
        "add gadmin [@]",
        "del gadmin [@]",
        "rtime",
        "speed",
        "hi/fetch",
        "gcon [R]",
        "tag [R]",
        "banlist/blacklist",
        "contact",
        "tempban",
        "rname",
        "sname",
        "rname [name]",
        "sname [name]",
        "name",
        "my grade",
        "find staff",
        "abort",
        "set/settings",
        "open link",
        "close link",
        "group link",
        "cancelall",
        "help"
    ]
}