{
    "commands": {
        "gparam": "",
        "invite": {}
    },
    "settings": {
        "allowban": true,
        "ant": false,
        "antimode": false,
        "atjoin": true,
        "blj": {},
        "cancel": {},
        "cname": {},
        "dname": {},
        "kick": {},
        "linkprotect": {},
        "lock": false,
        "mode1": false,
        "mute": false,
        "namelock": {
            "nama": "",
            "on": 1
        },
        "nuke": false,
        "protect": {},
        "purge": false,
        "reb": "",
        "rname": "angella",
        "sname": "cox",
        "spam": {},
        "squad": "B£∆CK_∆NG€£",
        "war": false
    },
    "status": {
        "aadmin": false,
        "abl": false,
        "abot": false,
        "admin": [],
        "anti": [],
        "aowner": false,
        "astaff": false,
        "backup": {
            "all": []
        },
        "ban": false,
        "blacklist": [],
        "bot": [],
        "cvp": false,
        "duedate": "2019-05-15 12:01:56.164399",
        "expel": false,
        "gaccess": {},
        "gpic": {
            "pic": "",
            "vid": ""
        },
        "invite": false,
        "owner": [],
        "picture": {},
        "repeat": false,
        "squad": [],
        "staff": [],
        "start": 1555297316.1643922,
        "unban": false,
        "wordban": []
    }
}