{
    "commands": {
        "gparam": "",
        "invite": {}
    },
    "settings": {
        "allowban": true,
        "ant": false,
        "antimode": false,
        "atjoin": true,
        "blj": {},
        "cancel": {},
        "cname": {},
        "dname": {},
        "kick": {},
        "linkprotect": {},
        "lock": false,
        "mode1": false,
        "mute": false,
        "namelock": {
            "nama": "",
            "on": 1
        },
        "nuke": false,
        "protect": {
            "c76e24bb5eb5b078c7856ec58347fa38f": 0,
            "cc0c17544de3189f65456a3d187c8f672": 1
        },
        "purge": false,
        "reb": "",
        "rname": "w1",
        "sname": "default",
        "spam": {},
        "squad": "OUP BOT",
        "war": false
    },
    "status": {
        "aadmin": false,
        "abl": false,
        "abot": false,
        "admin": [],
        "anti": [],
        "aowner": false,
        "astaff": false,
        "backup": {
            "all": []
        },
        "ban": false,
        "blacklist": [],
        "bot": [],
        "cvp": false,
        "duedate": "2020-07-03 08:49:45.582230",
        "expel": false,
        "gaccess": {},
        "gpic": {
            "pic": "",
            "vid": ""
        },
        "invite": false,
        "owner": [],
        "picture": {},
        "repeat": false,
        "squad": [],
        "staff": [],
        "start": 1591174185.5822146,
        "unban": false,
        "wordban": []
    }
}