{
    "commands": {
        "gparam": "",
        "invite": {}
    },
    "settings": {
        "allowban": true,
        "ant": false,
        "antimode": false,
        "atjoin": true,
        "blj": {},
        "cancel": {},
        "cname": {},
        "dname": {},
        "kick": {},
        "linkprotect": {},
        "lock": false,
        "mode1": false,
        "mute": false,
        "namelock": {},
        "nuke": false,
        "protect": {
            "c0bb4f4443f27a4ec967516e69f52009a": 1,
            "c67803a5fc88026838942a80fab6abe10": 1,
            "c76e24bb5eb5b078c7856ec58347fa38f": 0,
            "cc0c17544de3189f65456a3d187c8f672": 1
        },
        "purge": false,
        "reb": "c76e24bb5eb5b078c7856ec58347fa38f",
        "rname": "z4",
        "sname": "default",
        "spam": {},
        "squad": "OUP BOT",
        "war": false
    },
    "status": {
        "aadmin": false,
        "abl": false,
        "abot": false,
        "admin": [],
        "anti": [],
        "aowner": false,
        "astaff": false,
        "backup": {
            "all": []
        },
        "ban": false,
        "blacklist": [
            "u4e5d52c6852cb81903145774a342ce94"
        ],
        "bot": [
            "ub6504b77bc873a8d778727402cc4033c",
            "u10aae38204cbf531b0047c757ce4743a",
            "u8b157d57cafb1d82627c3e9876baeadd",
            "u02b57c9c6054f5617a70c9be5f4ff811"
        ],
        "cvp": false,
        "duedate": "2020-09-18 04:35:32.015995",
        "expel": false,
        "gaccess": {},
        "gpic": {
            "pic": "",
            "vid": ""
        },
        "invite": false,
        "owner": [],
        "picture": {},
        "repeat": false,
        "squad": [
            "ub6504b77bc873a8d778727402cc4033c",
            "u10aae38204cbf531b0047c757ce4743a",
            "u8b157d57cafb1d82627c3e9876baeadd",
            "u02b57c9c6054f5617a70c9be5f4ff811"
        ],
        "staff": [],
        "start": 1591245332.0159862,
        "unban": false,
        "wordban": []
    }
}